u5,u2,follow
u5,u7,follow
u5,u9,follow
u5,p1,like
u5,p3,like
u5,p4,like
u5,p6,like
u5,p9,comment
u11,p1,like
u11,p1,comment
u11,p4,like
u11,p8,like
u11,p9,like
u1,u3,follow
u1,u6,follow
u1,u8,follow
u1,u9,follow
u1,p3,like
u1,p8,like
u1,p9,comment
u12,p2,comment
u12,p4,like
u12,p10,like
u12,p10,comment
u10,u5,follow
u10,u7,follow
u10,u9,follow
u10,p2,like
u10,p2,comment
u10,p4,like
u10,p6,like
u10,p8,comment
u14,p3,comment
u14,p9,like
u14,p10,like
u3,u4,follow
u3,u7,follow
u3,p1,like
u3,p3,like
u3,p3,comment
u3,p4,like
u3,p8,comment
u3,p8,like
u3,p10,comment
u13,p4,like
u13,p6,like
u13,p8,comment
u15,p2,like
u15,p8,like
u6,u1,follow
u6,u4,follow
u6,u10,follow
u6,p4,like
u6,p5,like
u6,p9,comment
u8,u1,follow
u8,u4,follow
u8,u5,follow
u8,p3,like
u8,p4,like
u8,p6,like
u8,p9,like
u8,p10,comment
u2,u1,follow
u2,u4,follow
u2,u9,follow
u2,p2,comment
u2,p2,like
u2,p8,like
u2,p8,comment
u4,u1,follow
u4,u3,follow
u4,u9,follow
u4,u10,follow
u4,p2,like
u4,p4,like
u4,p6,like
u4,p7,like
u4,p8,comment
u4,p8,like
u4,p10,comment
u9,u8,follow
u9,u10,follow
u9,p1,comment
u9,p3,comment
u9,p3,like
u9,p5,like
u9,p9,comment
u9,p9,like
u7,u1,follow
u7,u4,follow
u7,u5,follow
u7,u6,follow
u7,u10,follow
u7,p3,like
u7,p7,comment
u7,p9,like
u7,p9,comment
u7,p10,like
u7,p10,comment
